Model,Accuracy,Precision,Recall,F1-Score
Decision Tree,0.9348021582733813,0.9348426712096701,0.9348021582733813,0.9348000582387971
SVM,0.7050359712230215,0.7489512814619164,0.7050359712230215,0.6378684514235793
Naive Bayes,0.7781025179856115,0.8063550031851848,0.7781025179856115,0.7814467121305064
Random Forest,0.9691996402877698,0.9692463891234738,0.9691996402877698,0.9692046273800977
AdaBoost,0.625,0.7333822113988782,0.625,0.5706454891329263
XGBoost,0.9799910071942446,0.9800214950517703,0.9799910071942446,0.9799813179772673
CNN,0.9572841726618705,0.9577899413548928,0.9572841726618705,0.9571962285717136
RNN,0.9498651079136691,0.9502515719654999,0.9498651079136691,0.9497898868331685
