Model,Accuracy,Precision,Recall,F1-Score
Decision Tree,0.9314850223072021,0.93171293561849,0.9314850223072021,0.931567311253885
SVM,0.6590184831102613,0.7430454223336475,0.6590184831102613,0.587687159023653
Naive Bayes,0.7587635436583812,0.7869744299058441,0.7587635436583812,0.7584212644246789
Random Forest,0.9748247291268324,0.9748580547239479,0.9748247291268324,0.9748349673454648
AdaBoost,0.6905672402804334,0.782395129577679,0.6905672402804334,0.6284627971909328
XGBoost,0.982791586998088,0.9828463583803728,0.982791586998088,0.9828085615301887
CNN,0.9486934353091141,0.9500499364878314,0.9486934353091141,0.9484750307381562
RNN,0.9480560866794137,0.9497873449426065,0.9480560866794137,0.9479339807034225
