Model,Accuracy,Precision,Recall,F1-Score
Decision Tree,0.9222797927461139,0.9220127105387675,0.9222797927461139,0.9220727085332409
SVM,0.6968247641822771,0.740107439545214,0.6968247641822771,0.634402259415147
Naive Bayes,0.7782649129799389,0.8010626723437746,0.7782649129799389,0.7819578426143005
Random Forest,0.9662548159957486,0.9661961799050514,0.9662548159957486,0.9661727302168818
AdaBoost,0.6366414242061911,0.6213767986858304,0.6366414242061911,0.6112534155732907
XGBoost,0.9751561046897834,0.9751352845446226,0.9751561046897834,0.9751296028309966
CNN,0.9541650059784775,0.9544351475367543,0.9541650059784775,0.9540141270486527
RNN,0.9451308622293079,0.945858502146047,0.9451308622293079,0.9448858456470416
