Model,Accuracy,Precision,Recall,F1-Score
Decision Tree,0.9407867494824017,0.9411546275069907,0.9407867494824017,0.9407021125788387
SVM,0.6629399585921325,0.7447095160229634,0.6629399585921325,0.5846058661905466
Naive Bayes,0.744927536231884,0.7934971475672943,0.744927536231884,0.7475068709643693
Random Forest,0.9722567287784679,0.9724278384602663,0.9722567287784679,0.9723166705284216
AdaBoost,0.725879917184265,0.8195737043065578,0.725879917184265,0.6746520037124157
XGBoost,0.9805383022774327,0.9805852919425598,0.9805383022774327,0.9805375610483437
CNN,0.939544513457557,0.9444856386815893,0.939544513457557,0.9392278072520849
RNN,0.9515527950310559,0.9516048716071634,0.9515527950310559,0.951496581953293
