Model,Accuracy,Precision,Recall,F1-Score
Decision Tree,0.9234731420161884,0.9234522518535242,0.9234731420161884,0.9234422621316081
SVM,0.6651949963208241,0.7218381540653783,0.6651949963208241,0.591516789245912
Naive Bayes,0.7501839587932303,0.7826391102680836,0.7501839587932303,0.751718514385192
Random Forest,0.9679911699779249,0.9682074998134107,0.9679911699779249,0.9680709563295131
AdaBoost,0.6766004415011038,0.7860064606016701,0.6766004415011038,0.5950602098634741
XGBoost,0.9746136865342163,0.97475950264057,0.9746136865342163,0.9746704324800116
CNN,0.9466519499632082,0.9476887987773214,0.9466519499632082,0.9465594373987127
RNN,0.9403973509933775,0.9421513283284609,0.9403973509933775,0.9403246534298003
