Model,Accuracy,Precision,Recall,F1-Score
Decision Tree,0.884127864794503,0.8841884932670067,0.884127864794503,0.8841436425991203
SVM,0.6733387392770261,0.7243747889918782,0.6733387392770261,0.61980913151515
Naive Bayes,0.7041526183261492,0.7609115692044134,0.7041526183261492,0.7003506838063
Random Forest,0.9422986641628611,0.9421037204136208,0.9422986641628611,0.9419763654667161
AdaBoost,0.6348854082198796,0.6470757836721307,0.6348854082198796,0.5914865090658765
XGBoost,0.9492979386283129,0.9491255181653706,0.9492979386283129,0.9490782884343745
CNN,0.9321411804873885,0.9321085808086058,0.9321411804873885,0.9319744260876488
RNN,0.9283854722376339,0.9281789162239056,0.9283854722376339,0.9281190494846203
