Model,Accuracy,Precision,Recall,F1-Score
Decision Tree,0.9306010928961749,0.9309400108850797,0.9306010928961749,0.9305734889716477
SVM,0.6734972677595629,0.7270612439361935,0.6734972677595629,0.6005773771775577
Naive Bayes,0.7784153005464481,0.8019993837695137,0.7784153005464481,0.7803759506955078
Random Forest,0.9693989071038251,0.9696168790185065,0.9693989071038251,0.9694796989730766
AdaBoost,0.660655737704918,0.7621029910255115,0.660655737704918,0.6048030639038107
XGBoost,0.9800546448087432,0.980102248007669,0.9800546448087432,0.9800668672448699
CNN,0.9448087431693989,0.9452204961549975,0.9448087431693989,0.9448426837556222
RNN,0.9478142076502732,0.9480807493307593,0.9478142076502732,0.9477063135888761
