Model,Accuracy,Precision,Recall,F1-Score
Decision Tree,0.9303297724105899,0.9306432039858442,0.9303297724105899,0.9302305582993244
SVM,0.667440780306549,0.7742258381194683,0.667440780306549,0.588961478415351
Naive Bayes,0.7296795169530887,0.7765050576389313,0.7296795169530887,0.7331002617932515
Random Forest,0.97677659080353,0.9767963002115995,0.97677659080353,0.9767739177012416
AdaBoost,0.683697166744078,0.7916618641422634,0.683697166744078,0.6203284221940653
XGBoost,0.986065954482118,0.9860892507002516,0.986065954482118,0.9860600872526649
CNN,0.9512308406874129,0.9513525670506934,0.9512308406874129,0.9512042078817092
RNN,0.9503019043195541,0.9524894740642673,0.9503019043195541,0.9503693764516777
