Model,Accuracy,Precision,Recall,F1-Score
Decision Tree,0.9366768897708821,0.9370173370540312,0.9366768897708821,0.9367813495378485
SVM,0.6925852426483854,0.7353471993346621,0.6925852426483854,0.6281953660309451
Naive Bayes,0.7965000902038607,0.8139568986765857,0.7965000902038607,0.79930925041718
Random Forest,0.9720368031751759,0.9723549004789371,0.9720368031751759,0.9721193470060133
AdaBoost,0.6774309940465452,0.7424388300702338,0.6774309940465452,0.6163819607667987
XGBoost,0.9787118888688436,0.9789195991062081,0.9787118888688436,0.9787702762521864
CNN,0.9498466534367671,0.9510606015964848,0.9498466534367671,0.9501406551839502
RNN,0.9512899152083709,0.9512838724290447,0.9512899152083709,0.9512467029213801
