Model,Accuracy,Precision,Recall,F1-Score
Decision Tree,0.9237984634625692,0.9236213664896571,0.9237984634625692,0.9236885433898477
SVM,0.700375201000536,0.7559308194141141,0.700375201000536,0.6422950239284756
Naive Bayes,0.8023941397177059,0.8249310063954077,0.8023941397177059,0.8040525702979051
Random Forest,0.9629265678041808,0.9630290741595129,0.9629265678041808,0.9629648174574283
AdaBoost,0.6398963730569949,0.6518105350149004,0.6398963730569949,0.6268378962389947
XGBoost,0.9733785956762552,0.973445076558852,0.9733785956762552,0.9733922130787213
CNN,0.9497051992138645,0.9499732442135724,0.9497051992138645,0.9496008669814106
RNN,0.9405038413435769,0.9409075382622218,0.9405038413435769,0.9405232138837699
